firstName,lastName,status,gender,PREFERRED LANGUAJE,officeEmail,whatsapp,supervisor,country,timezone,username,PASSWORD,CONFIRM PASSWORD,role,birthDate,address,personalEmail,MOBILE PHONE
Santos,Alarcon,active,Male,Spanish,Santos.Alarcon@tutatordev.com,123-179-7824,Jessica Calizaya,Bolivia,UTC−04:00 (Bolivia/Atlantic Standard),Santos,Sample123.,Sample123.,Contractor,30/12/1954,4955 Vidon Plaza,kheadington5@noaa.gov,123-179-7824
Viviana,Fernandez,active,Female,Spanish,Viviana.Fernandez@tutatordev.com,958-327-9881,Jessica Calizaya,Argentina,UTC−03:00 (Argentina/Brazil),Viviana,Sample123.,Sample123.,Contractor,11/6/1998,2 Hayes Trail,shilldropg@163.com,958-327-9881
Sophie,Concordel,active,Female,Spanish,Sophie.Concordel@tutatordev.com,234-744-5607,Rafael Villegas,Bolivia,UTC−04:00 (Bolivia/Atlantic Standard),Sophie,Sample123.,Sample123.,Contractor,23/12/1976,41003 John Wall Terrace,fcasementi@alexa.com,234-744-5607
Jose,Padilla,active,Male,French,Jose.Padilla@tutatordev.com,684-455-5278,Rafael Villegas,Mexico,UTC−07:00 (Mexico),Jose,Sample123.,Sample123.,Contractor,10/8/1963,1560 Doe Crossing Terrace,jguichardj@biblegateway.com,684-455-5278
Cecilia,Avila,active,Female,Spanish,Cecilia.Avila@tutatordev.com,347-269-9436,Omar Corrales,Argentina,UTC−03:00 (Argentina/Brazil),Cecilia,Sample123.,Sample123.,Contractor,27/11/1983,6 Fieldstone Junction,utootinl@newsvine.com,347-269-9436
Juan,Bascope,active,Male,English,Juan.Bascope@tutatordev.com,965-512-3565,Omar Corrales,Argentina,UTC−03:00 (Argentina/Brazil),Juan,Sample123.,Sample123.,Contractor,8/8/1984,06066 Surrey Street,tvinnicombem@wordpress.org,965-512-3565
Walter,Zelada,active,Male,English,Walter.Zelada@tutatordev.com,256-143-2707,Omar Corrales,Bolivia,UTC−04:00 (Bolivia/Atlantic Standard),Walter,Sample123.,Sample123.,Contractor,23/9/1966,077 North Hill,fgirdlern@mozilla.org,256-143-2707
Hans,Robles,active,Male,English,Hans.Robles@tutatordev.com,860-505-1547,Omar Corrales,Mexico,UTC−07:00 (Mexico),Hans,Sample123.,Sample123.,Contractor,9/11/1966,401 Troy Alley,shumbyo@businesswire.com,860-505-1547
Esteban,Chiri,active,Male,English,Esteban.Chiri@tutatordev.com,845-876-7302,Omar Corrales,Mexico,UTC−07:00 (Mexico),Esteban,Sample123.,Sample123.,Contractor,24/11/1948,81 Kingsford Place,phannerp@xinhuanet.com,845-876-7302
Jorge,Villagomez,active,Male,Spanish,Jorge.Villagomez@tutatordev.com,651-635-6734,Rafael Villegas,Argentina,UTC−03:00 (Argentina/Brazil),Jorge,Sample123.,Sample123.,Contractor,16/1/1961,69 Bunker Hill Way,shalligant@cbslocal.com,651-635-6734
Paola,Lechuga,active,Female,Spanish,Paola.Lechuga@tutatordev.com,984-209-3402,Lya Huerta,Bolivia,UTC−04:00 (Bolivia/Atlantic Standard),Paola,Sample123.,Sample123.,Intern,19/9/1973,2 Eastwood Parkway,phouldin3@slideshare.net,984-209-3402
Diego,Babtista,active,Male,Spanish,Diego.Babtista@tutatordev.com,970-782-6593,Lya Huerta,Mexico,UTC−07:00 (Mexico),Diego,Sample123.,Sample123.,Intern,30/1/1999,053 1st Terrace,acrews2@slashdot.org,970-782-6593